{
    "1": 0.15688822874118083,
    "2": 0.06776828815447457,
    "3": 0.08076494615670256,
    "4": 0.0695321203119198,
    "5": 0.08457111028592648,
    "6": 0.05272929818046788,
    "7": 0.005012996658002228,
    "8": 0.004734496843668771,
    "9": 0.0837356108429261,
    "10": 0.08429261047159302,
    "11": 0.10118826587448941,
    "12": 0.20878202747864835
}